,phrase,label,sentiment,subjectivity,language,count
China,,,,,,
the United States,,,,,,
Taiwan,,,,,,
U.S.,,,,,,
Japan,,,,,,
Taichung,,,,,,
Hong Kong,,,,,,
Beijing,,,,,,
Europe,,,,,,
Arctic,,,,,,
Australia,,,,,,
North America,,,,,,
Shanghai,,,,,,
Asia,,,,,,
US,,,,,,
Silicon Valley,,,,,,
South Korea,,,,,,
New York,,,,,,
Russia,,,,,,
Southern California,,,,,,
United States,,,,,,
San Francisco,,,,,,
Brazil,,,,,,
Shenzhen,,,,,,
Taipei,,,,,,
UK,,,,,,
Chengdu,,,,,,
Germany,,,,,,
Texas,,,,,,
Iran,,,,,,
the Taiwan Strait,,,,,,
Los Angeles,,,,,,
USA,,,,,,
The United States,,,,,,
Hsinchu,,,,,,
Zhejiang,,,,,,
Taichung City's,,,,,,
Hangzhou,,,,,,
Saudi Arabia,,,,,,
South Korea's,,,,,,
Guangzhou,,,,,,
Harbin,,,,,,
Sydney,,,,,,
Orchid Island,,,,,,
Qinghai Lake,,,,,,
France,,,,,,
Alibaba,,,,,,
India,,,,,,
Art District,,,,,,
the Middle East,,,,,,
Hokkaido,,,,,,
OpenAI,,,,,,
Hong Kong's,,,,,,
Tai Po,,,,,,
the Arctic Circle,,,,,,
Northeast,,,,,,
Cybertruck,,,,,,
Canada,,,,,,
Washington,,,,,,
Coupang,,,,,,
Beike,,,,,,
Tainan,,,,,,
Maine,,,,,,
Yunnan,,,,,,
Jiangnan,,,,,,
Bridgewater,,,,,,
Tehran,,,,,,
Italy,,,,,,
Las Vegas,,,,,,
Tokyo,,,,,,
Anhui,,,,,,
West,,,,,,
America,,,,,,
Jiangsu,,,,,,
Kaohsiung,,,,,,
Antarctic,,,,,,
Zhipu,,,,,,
Wuhan,,,,,,
the Republic of China,,,,,,
Singapore,,,,,,
Taobao,,,,,,
Henan,,,,,,
Xinjiang,,,,,,
Xpeng,,,,,,
Taipei City,,,,,,
Thailand,,,,,,
Hollywood,,,,,,
Mainland,,,,,,
Baichuan,,,,,,
Northeast Asia,,,,,,
Milan,,,,,,
Hsinchu City,,,,,,
the WISE2025 King of Business Conference,,,,,,
Hsinchu County,,,,,,
Maryland,,,,,,
Project Madison,,,,,,
AI,,,,,,
London,,,,,,
Southeast Asia,,,,,,
Madrid,,,,,,
Ctrip,,,,,,
Mount Everest,,,,,,
Midwest,,,,,,
Nepal,,,,,,
Spain,,,,,,
National Harbor,,,,,,
DC,,,,,,
Saudi Arabia’s,,,,,,
Keelung,,,,,,
New Taipei City,,,,,,
Dhahran,,,,,,
California,,,,,,
Niigata,,,,,,
Minamiuonuma City,,,,,,
Niigata Prefecture,,,,,,
Inner Mongolia,,,,,,
Guangdong,,,,,,
Amazon,,,,,,
Paris,,,,,,
Berlin,,,,,,
Philippines,,,,,,
Dabajianshan,,,,,,
Ukraine,,,,,,
Qingdao,,,,,,
Xi'an,,,,,,
Chiayi City,,,,,,
the Hsinchu County Government,,,,,,
Greater China,,,,,,
Taikoo Li,,,,,,
Louisiana,,,,,,
Alishan,,,,,,
Dharma,,,,,,
Detroit,,,,,,
Miaoli City's,,,,,,
Venezuela,,,,,,
Ultraman,,,,,,
Hualien,,,,,,
Malaysia,,,,,,
Michigan,,,,,,
Minnesota,,,,,,
Shenzhen City,,,,,,
Mongolia,,,,,,
Otaru,,,,,,
Chicago,,,,,,
Lianjia,,,,,,
Suzhou,,,,,,
Arizona,,,,,,
the United Kingdom,,,,,,
Meishan,,,,,,
Africa,,,,,,
Hehuan Mountain,,,,,,
the East Third Ring Road,,,,,,
Bitcoin,,,,,,
Taiwan Beach,,,,,,
Xiaomi,,,,,,
Loli Island,,,,,,
Hubei,,,,,,
Hainan,,,,,,
Dubai,,,,,,
Nantou County,,,,,,
Nantou,,,,,,
Ishinomaki City,,,,,,
Hong Kong Park,,,,,,
the Hong Kong Island West Geographical Constituency Forum,,,,,,
Haikou,,,,,,
the East District Jianguo Market,,,,,,
Kamchatka Peninsula,,,,,,
Korea,,,,,,
Winter,,,,,,
Cortina,,,,,,
Futian District,,,,,,
the Czech Republic,,,,,,
Osaka,,,,,,
Tangkou Village,,,,,,
Baxiantai,,,,,,
Baxiandai,,,,,,
Ocean,,,,,,
Ao Mountain,,,,,,
Taibai Mountain,,,,,,
the Qinling Mountains,,,,,,
Yonghui,,,,,,
the Central Promenade,,,,,,
LPL,,,,,,
Furien,,,,,,
Lancôme,,,,,,
Animal City,,,,,,
Yantai,,,,,,
Luckin,,,,,,
Zhanjiang,,,,,,
V city,,,,,,
Jinghe County,,,,,,
Belem,,,,,,
Argentina,,,,,,
Mexico,,,,,,
Bortala Mongolian Autonomous Prefecture,,,,,,
Hell Valley,,,,,,
Sapporo,,,,,,
Zhongtong,,,,,,
Jinghe,,,,,,
Earth,,,,,,
Jurilu,,,,,,
lake green,,,,,,
Golden Village,,,,,,
Stanford,,,,,,
Avita,,,,,,
the Potomac River,,,,,,
D.C.,,,,,,
Oceania,,,,,,
Prince George County,,,,,,
Kenting,,,,,,
magnetorheological,,,,,,
Adobe,,,,,,
Anhui Province,,,,,,
Hefei City,,,,,,
the northwest United States,,,,,,
Claude,,,,,,
Alps,,,,,,
Vienna,,,,,,
Berkeley,,,,,,
fixed</li,,,,,,
Kunming,,,,,,
Indiana,,,,,,
North China,,,,,,
Daya District,,,,,,
Guangzhou</li,,,,,,
Dali,,,,,,
Nuannuan Creek,,,,,,
the Cangshan Mountains,,,,,,
central United States,,,,,,
Shaanxi,,,,,,
Tianjin,,,,,,
Ireland,,,,,,
the British Virgin Islands,,,,,,
the People's Republic of China,,,,,,
Arctic Circle,,,,,,
Far East New,,,,,,
Jisheng,,,,,,
Jutai,,,,,,
the Erhai Lake,,,,,,
Taichung City,,,,,,
Finland,,,,,,
Jiuquan City,,,,,,
Da'an District,,,,,,
Baixiang,,,,,,
the Kuomintang Taichung City Party Headquarters,,,,,,
Pingxi District,,,,,,
Costa,,,,,,
Kentucky,,,,,,
North Florida,,,,,,
the Eastern United States,,,,,,
Zhongshan District,,,,,,
the Sea of ​​Japan side,,,,,,
Jijin,,,,,,
The Eastern District,,,,,,
the East District,,,,,,
the Eastern District,,,,,,
East District,,,,,,
West Japan,,,,,,
North Japan,,,,,,
the Gulf of Mexico,,,,,,
Gansu Province,,,,,,
Tiancai,,,,,,
County,,,,,,
Baokang County,,,,,,
Jingshan Mountains,,,,,,
the Jingshan Snowfield,,,,,,
​​vulgar,,,,,,
New England,,,,,,
the Rocky Mountains,,,,,,
Guanwu,,,,,,
Zhu County,,,,,,
Zion National Park,,,,,,
Tinaba,,,,,,
Foshan,,,,,,
Upper East Side,,,,,,
Jinan,,,,,,
the Hehuan Mountains,,,,,,
the Lanyang Plain,,,,,,
Yilan,,,,,,
Hubei Province,,,,,,
Utah,,,,,,
Houston,,,,,,
Beimen District,,,,,,
North Carolina,,,,,,
Charlotte,,,,,,
Philadelphia,,,,,,
Mississippi,,,,,,
Tennessee,,,,,,
New Mexico,,,,,,
Nan City,,,,,,
the Western Regions,,,,,,
Greenland,,,,,,
Jihai,,,,,,
Tongxiang,,,,,,
Minami-Uonuma City,,,,,,
Connecticut,,,,,,
Boston,,,,,,
East Coast,,,,,,
the East Coast,,,,,,
Kensington,,,,,,
Amsterdam,,,,,,
Beverly Hills,,,,,,
Babao Town,,,,,,
Miaoli,,,,,,
Laizhou,,,,,,
Jianan,,,,,,
Laiteng,,,,,,
the West District,,,,,,
the Chiayi City Chiayi Charity Group,,,,,,
Chiayi City's,,,,,,
Yuanhe Hope,,,,,,
Hong,,,,,,
Hualien City,,,,,,
Hualien Republic,,,,,,
Siberia,,,,,,
Yakutsk,,,,,,
Fukuoka,,,,,,
Austin,,,,,,
Miaoli County,,,,,,
Liuyang,,,,,,
Turing AI,,,,,,
Sanya,,,,,,
Ningbo,,,,,,
the Tianzhong area,,,,,,
Kuaishou,,,,,,
Dawu Coastal Park,,,,,,
Green Island,,,,,,
Taitung County,,,,,,
Jialulan Recreation Area,,,,,,
Guishan Island,,,,,,
Yilan County,,,,,,
Keelung Island,,,,,,
New Taipei City's,,,,,,
Longkeng,,,,,,
Tianzhong Marathon,,,,,,
Leapmotor,,,,,,
Changchun,,,,,,
Zhuzhou,,,,,,
Sichuan,,,,,,
Luyinggao,,,,,,
Shichao,,,,,,
Toronto,,,,,,
Yushan,,,,,,
Zunjie,,,,,,
Xiangjie,,,,,,
Zhijie,,,,,,
Lane Crawford,,,,,,
Penghu,,,,,,
Aomori Prefecture,,,,,,
Bilibili,,,,,,
Xiaojushu,,,,,,
Poland,,,,,,
CBD,,,,,,
Chaoyang District,,,,,,
Bing,,,,,,
Thermage,,,,,,
Nubia,,,,,,
Ren'ai Township,,,,,,
Nachuan Capital,,,,,,
Nagano,,,,,,
Qingshen County,,,,,,
Kulingjiao Village,,,,,,
East Asia,,,,,,
East,,,,,,
Nanshan District,,,,,,
Jiika,,,,,,
stablecoin,,,,,,
the Southern District,,,,,,
Northern Europe,,,,,,
Kirkland,,,,,,
Chiayi City City Expo,,,,,,
Tustin,,,,,,
Hunyuan,,,,,,
Gotham City's,,,,,,
earth,,,,,,
Nanyang City,,,,,,
Henan Province,,,,,,
Panther Lake,,,,,,
the Korean Peninsula,,,,,,
Zhushan Mountain,,,,,,
Hefu,,,,,,
Keelung City,,,,,,
CALIFORNIA,,,,,,
Cupertino,,,,,,
"the ""Yuzhen Sour Bamboo Hotpot Restaurant",,,,,,
Guiyang City,,,,,,
Yunyan District,,,,,,
Hung Hom Harbour,,,,,,
Netherlands,,,,,,
Landes,,,,,,
Hualien County's,,,,,,
Autoliv,,,,,,
Rapidus,,,,,,
Pacini,,,,,,
Tsinghua,,,,,,
Gukeng Township,,,,,,
Nevada,,,,,,
Doubao AI,,,,,,
Doubao,,,,,,
Indonesia,,,,,,
Myanmar,,,,,,
Vietnam,,,,,,
JCB,,,,,,
Zhipu AI,,,,,,
Yunlin,,,,,,
Mobile,,,,,,
Shijiazhuang,,,,,,
Zhengzhou,,,,,,
AReaL,,,,,,
Tatajia,,,,,,
Jiaming Lake,,,,,,
Chitose City,,,,,,
the red planet,,,,,,
Yanshanpu Community,,,,,,
Eurofarma,,,,,,
Yongzhufang,,,,,,
the Hsinchu City,,,,,,
Rockies,,,,,,
Mars,,,,,,
Geely,,,,,,
Waymo,,,,,,
Inner Mongolia Autonomous Region,,,,,,
Ordos City,,,,,,
Xu Jinjiang,,,,,,
Greenland Howed Island,,,,,,
Changhua,,,,,,
the Sun Island Scenic Area,,,,,,
42nd Antarctic,,,,,,
Oka Smart Ship,,,,,,
Dushu Town,,,,,,
Chaoyang Park,,,,,,
Vientiane City,,,,,,
Wo'an,,,,,,
Weiqiao,,,,,,
the Central Taiwan Lantern Festival,,,,,,
New South Wales,,,,,,
Bryan,,,,,,
Notland,,,,,,
Xuhui District,,,,,,
Perm,,,,,,
South China,,,,,,
the Southern Hemisphere,,,,,,
Northeast China,,,,,,
Taoyuan City,,,,,,
the Yunlin County Government,,,,,,
the east coast,,,,,,
Nintendo,,,,,,
São Paulo's,,,,,,
Chongqing,,,,,,
